cust_order_id,first_name,last_name
1,Johnathan,Velazquez
2,Jaqueline,Cummings
3,Joshua,Robertson
4,Nova,Hess
5,Arla,Ellis
6,Sharyn,Hopkins
7,Laureen,Paul
8,Leslie,Higgins
9,Neil,Mccall
10,Alane,Munoz
11,Tarra,Guerrero
12,Marvin,Mullins
13,Patience,Clayton
14,Maribel,William
15,Ellsworth,Michael
16,Lea,Key
17,Sindy,Anderson
18,Lanita,Burton
19,Norine,Huffman
20,Randee,Pitts
21,Neoma,Daugherty
22,Tangela,Hurley
23,Drucilla,Gilliam
24,Ashton,Lott
25,Sam,Lester
26,Jackeline,Colon
27,Pamala,Henry
28,Eleni,Gordon
29,Laureen,Barry
30,Yvone,Guerrero
31,Edgar,Quinn
32,Kimbery,Nieves
33,Verona,O'neill
34,Sarai,Mckee
35,Neville,Mcclain
36,Shantel,Gregory
37,Tomika,Larson
38,Lashandra,Turner
39,Travis,Whitley
40,Darren,Witt
41,Ingeborg,Ellison
42,Corene,Swanson
43,Elana,Miles
44,Olympia,Figueroa
45,Carissa,Cross
46,Eldridge,Greer
47,Joshua,Berg
48,Josephine,Dale
49,Taisha,Vang
50,Silas,Tate
51,Jamaal,Baker
52,Twana,Arnold
53,Margit,Osborn
54,Inge,Olsen
55,Chanel,May
56,Nathaniel,Davidson
57,Dalia,Carson
58,Tiana,Henderson
59,Rodney,Odom
60,Joesph,Delacruz
61,Mark,Garrett
62,Denis,Logan
63,Dann,Huff
64,Corine,Stuart
65,Serafina,Clemons
66,Susannah,Fields
67,Lazaro,Moran
68,Kristen,Alvarez
69,Ophelia,Decker
70,Cleotilde,Booth
71,Cathey,Lamb
72,Cesar,Wilkins
73,Gabriel,Wagner
74,Mariela,Huffman
75,Euna,Lopez
76,Genoveva,Baldwin
77,Rochelle,Ward
78,Trinidad,Chapman
79,Ellena,Clements
80,Jeannie,Wilcox
81,Max,Charles
82,Bronwyn,Vargas
83,Gertrude,Terry
84,Christia,Wilkins
85,Aaron,Knapp
86,Lavette,Wright
87,Rosa,Kinney
88,Rodolfo,Buck
89,Calandra,Stanton
90,Romaine,Haley
91,Catrice,Hicks
92,Kimberli,Cline
93,Cindie,Franklin
94,Thurman,Ellis
95,Casey,Gill
96,Keitha,Black
97,Alpha,King
98,Leticia,Snyder
99,Rikki,Morrow
100,Luke,Kramer
101,Katheleen,Marks
102,Trisha,Johnson
103,Brigida,Larson
104,Latasha,Hays
105,Vikki,Erickson
106,Valery,Saunders
107,Kiara,Deleon
108,Robby,Sykes
109,Ben,Stone
110,Launa,Hull
111,Zulema,Browning
112,Micki,Rutledge
113,Theresia,Barron
114,Mark,Benton
115,Starr,Schneider
116,Burma,Summers
117,Gwenn,Melton
118,Danille,Mcfarland
119,Bryce,Monroe
120,Sharie,Alvarez
121,Tomika,Wilder
122,Wallace,Lane
123,Lecia,Hancock
124,Elouise,Fry
125,Laverne,Craft
126,Shenna,Espinoza
127,Chelsey,Boyd
128,Lissa,Vargas
129,Armand,Whitehead
130,Marcelino,Mcbride
131,Hortencia,Graham
132,Monika,Berg
133,Jerome,Bolton
134,Tuan,Wolfe
135,Alexandria,Zamora
136,Gena,Owens
137,Jina,Cooper
138,Katharine,Herrera
139,Ezra,Silva
140,Devin,Velazquez
141,Erlene,Cook
142,Regine,Gonzales
143,Merlin,Foreman
144,Hubert,Reilly
145,Lavonne,Anderson
146,Keturah,Massey
147,Diana,Guerra
148,Senaida,Thompson
149,Han,Schneider
150,Reena,Higgins
151,Katina,Mcintosh
152,Parker,Prince
153,Edda,Young
154,Dione,Pratt
155,Loni,Duncan
156,Sheri,Cole
157,Mozelle,Carter
158,Dacia,William
159,Araceli,Golden
160,Harris,Pittman
161,Kasie,Rodriquez
162,Williemae,Holloway
163,Magdalena,Sherman
164,Leonore,Dorsey
165,Adriene,Rivera
166,Abbey,Pugh
167,Rico,Salas
168,Kandace,Ayers
169,Carie,Kidd
170,Aubrey,Durham
171,Elvera,Peck
172,Cindi,Ellis
173,Dacia,William
174,Destiny,Goodman
175,Steve,Bender
176,Melba,Wilkinson
177,Lucy,Woods
178,Graig,Roth
179,Shery,Acosta
180,Kristel,Bullock
181,Latosha,Dalton
182,Phylis,Adkins
183,Adelle,Larsen
184,Brianna,Moss
185,Corene,Wall
186,Waldo,Hart
187,Jeniffer,Ratliff
188,Lorrie,Pollard
189,Allie,Conley
190,Violet,Valenzuela
191,Ruthanne,Hoover
192,Viva,Dawson
193,Trena,Rogers
194,Carroll,Kelly
195,Kasha,Sullivan
196,Tammie,Cherry
197,Erlinda,Nielsen
198,Allison,Nolan
199,Marisa,Chambers
200,Lanelle,Guerra
201,Brenda,Tate
202,Joi,Reeves
203,Henrietta,Wagner
204,Danilo,Holmes
205,Myrtie,James
206,Tania,Swanson
207,Marget,Hodge
208,Leanna,Manning
209,Clarita,Curry
210,Lynn,Mcmahon
211,Penney,Hall
212,Lanora,Robbins
213,Lilliam,Nolan
214,Kaci,Gallegos
215,Kelsey,Noble
216,Angelina,Lloyd
217,Sebrina,Hart
218,Vernetta,Banks
219,Inez,Snider
220,Noble,Glover
221,Donovan,Cantrell
222,Gertrud,Rhodes
223,Veronique,Fulton
224,Carola,Rodriquez
225,Fransisca,Nicholson
226,Tony,Hicks
227,Kirstie,Vazquez
228,Jamika,Blanchard
229,Evelina,Manning
230,Ryan,Carter
231,Rosamaria,Meyer
232,Latashia,Travis
233,Melita,Dominguez
234,Merrie,Fowler
235,Eli,Contreras
236,Stephaine,Riddle
237,Carman,Hardy
238,Annett,Rush
239,Lashawn,Ortiz
240,Kanesha,Vega
241,Divina,Madden
242,Almeta,Benjamin
243,Barrett,Sanders
244,Venus,Hewitt
245,Scarlet,Yates
246,Caren,Stephens
247,Joann,Barber
248,Kimberley,Reynolds
249,Miquel,Neal
250,Weldon,Michael
251,Arlena,Buckner
252,Lorrie,Becker
253,Earline,Gordon
254,Faustino,Delacruz
255,Ophelia,Rodgers
256,Theo,Reese
257,Joeann,Garrison
258,Cecil,Hopper
259,Ginette,Edwards
260,Yvette,Rogers
261,Pasquale,Hogan
262,Matilda,Larson
263,Ai,Forbes
264,Charolette,Rice
265,Arnita,Thomas
266,Lurline,Rivers
267,Randolph,Chase
268,Shery,Randolph
269,Terrell,Mathis
270,Ethelyn,Ray
271,Christoper,Mccall
272,Ezra,Fowler
273,Tona,Velasquez
274,Octavia,Case
275,Rozanne,Reyes
276,Magali,Dixon
277,Thad,Castro
278,Raven,Curtis
279,Rosalba,O'neal
280,Tomeka,Higgins
281,Cris,Dunn
282,Regina,Burns
283,Olevia,Pitts
284,Inger,Jennings
285,Justin,Newton
286,Latasha,Stanley
287,Delbert,Wilkins
288,Ouida,Gregory
289,Phyllis,Hill
290,Marni,Bolton
291,Alane,Kennedy
292,Van,Peters
293,Rubye,Mccall
294,Lavona,Austin
295,Benny,Bender
296,Gabriela,Warren
297,Justina,Jenkins
298,Janna,Hayden
299,Rayna,Perry
300,Emmaline,Huber
301,Caren,Stephens
302,Carlena,Salinas
303,Bernita,Mcdaniel
304,Chelsey,Hardin
305,Camille,Harvey
306,Charleen,Hurst
307,Christoper,Gould
308,Charlyn,Cantrell
309,Gilma,Dejesus
310,Deloris,Larson
311,Shayla,Hart
312,Jame,Riggs
313,Dagny,Owen
314,Janie,Herrera
315,Rufina,Chandler
316,Shawnda,Glover
317,Mariam,Miranda
318,Mallie,Osborn
319,Danyell,Dickerson
320,Carola,Johns
321,Arcelia,Vinson
322,Lea,Irwin
323,Heide,Reed
324,Garland,Weaver
325,Ernestina,Skinner
326,Bernetta,Summers
327,Tiesha,Daniel
328,Angele,Schroeder
329,Josh,Shaw
330,Gabriel,Pitts
331,Yang,Roth
332,Antonetta,Rocha
333,Major,Merrill
334,Hollis,Rasmussen
335,Phebe,Soto
336,Saran,Moses
337,Adriene,Rollins
338,Omega,Huff
339,Shirely,Cantrell
340,Anisha,Lang
341,Karren,Lamb
342,Reyes,Merritt
343,Iva,Wilcox
344,Romaine,Salazar
345,Shauna,Edwards
346,Lynne,Anderson
347,Jerald,Blackwell
348,Daina,Sampson
349,Jamaal,Albert
350,Williemae,Holloway
351,Cinda,Rocha
352,Emmitt,Sanchez
353,Phylicia,Stout
354,Jenine,Crane
355,Sebrina,Gross
356,Sheila,Goodman
357,Garry,Espinoza
358,Larissa,Hays
359,Dorthea,Walker
360,Clorinda,Donovan
361,Demarcus,Reese
362,Hedwig,Paul
363,Brain,Skinner
364,Mariette,Trevino
365,Christel,Cardenas
366,Arielle,Levine
367,Afton,Juarez
368,Amina,Salazar
369,Garth,Huff
370,Raymonde,Garcia
371,Ashlie,Parrish
372,Boyd,Irwin
373,Majorie,Wyatt
374,Dante,Grimes
375,Christiane,Bradford
376,Kristel,Byrd
377,Thad,Gilliam
378,Alec,Peck
379,Hassan,Nash
380,Han,Wade
381,Vanessa,West
382,Clelia,Workman
383,Aleta,Mack
384,Conception,Slater
385,Odette,Moses
386,Christiana,Gross
387,Jennette,Wooten
388,Mirella,Duffy
389,Saturnina,Garner
390,Shirely,Stanley
391,Elinore,Aguilar
392,Carley,Reynolds
393,Alysha,Powers
394,Tammera,Fischer
395,Hans,Price
396,Timothy,Byers
397,Son,Warner
398,Chasidy,Tran
399,Lee,Roman
400,Alline,Beasley
401,Sylvie,Wilkerson
402,Corina,Lynch
403,Salena,Day
404,Laverna,Hernandez
405,Genevieve,Juarez
406,Eliz,Lynch
407,Keri,Bridges
408,Shemeka,Lyons
409,Luke,Fuller
410,Herminia,Reyes
411,Ferne,Kline
412,Carmina,Emerson
413,Kristofer,Craig
414,Vernia,Madden
415,Bonita,Marshall
416,Johana,Jacobson
417,Angie,Powers
418,Titus,Bullock
419,Garry,Espinoza
420,Petronila,Norris
421,Le,Deleon
422,Suellen,Mercado
423,Dewayne,Herring
424,Tommie,Melton
425,Tessie,Farmer
426,Tonja,Henderson
427,Douglass,Little
428,Bee,Baker
429,Laraine,Robbins
430,Deja,Chaney
431,Carlie,Terrell
432,Karla,Kirk
433,Jerri,Guthrie
434,Rochell,Cantrell
435,Keri,Bridges
436,Yun,Nelson
437,Adam,Thornton
438,Javier,Nichols
439,Meredith,Bryan
440,Hilda,Harvey
441,Morton,Barron
442,Etsuko,Garrison
443,Pandora,Estes
444,Jamaal,Albert
445,Olevia,Noel
446,Bart,Hess
447,Vallie,Dixon
448,Nichelle,Howell
449,Justa,Thompson
450,Laurence,Christian
451,Charlsie,Carson
452,Trinidad,Mcclain
453,Shanna,Bonner
454,Vanda,Holmes
455,Hildegarde,Christensen
456,Alanna,Barry
457,Kami,Rios
458,Andy,O'neill
459,Mila,Good
460,Ladawn,Downs
461,Brittney,Rojas
462,Lezlie,Thompson
463,Brent,Calderon
464,Georgeann,Waller
465,Cheryll,Snyder
466,Ernest,Rollins
467,Marry,Benjamin
468,Adelaida,Hancock
469,Chere,Mcfadden
470,Derrick,Marks
471,Alane,Mccarty
472,Jeanett,Herman
473,Elmo,Arnold
474,Rory,Cooper
475,Manie,Sanchez
476,Basilia,Thornton
477,Josie,Schultz
478,Jayme,Zamora
479,Ivette,Warren
480,Darcel,Harmon
481,Jayson,Rutledge
482,Whitney,Cash
483,Diana,Cobb
484,Iola,Rasmussen
485,Birdie,Kramer
486,Vinnie,Chan
487,George,Pickett
488,Evelin,Vargas
489,Carisa,Carpenter
490,Onita,Macdonald
491,Ji,Burt
492,Graciela,Barber
493,Rosalie,Coffey
494,Tanesha,Sawyer
495,Kecia,Olsen
496,Ayanna,Rhodes
497,Kandis,Mills
498,Divina,Reeves
499,Rodrick,Shelton
500,Julee,Woodard
501,Barton,Cox
502,Shaunda,Barnett
503,Yvonne,Bean
504,Mercedez,Brooks
505,Erlinda,Osborne
506,Lory,Berg
507,Enoch,Rosario
508,Octavia,Donaldson
509,Jeromy,Elliott
510,Ulysses,Gaines
511,Klara,Mosley
512,Jacquline,Duncan
513,Lory,Page
514,Guillermo,Hart
515,Marcel,Lindsay
516,Shila,White
517,Margene,Eaton
518,Juliane,Dillard
519,Fran,Yang
520,Ronald,Parsons
521,Augustus,Schmidt
522,Lois,Steele
523,Rebbecca,Espinoza
524,Lucas,Estes
525,Omega,Johnston
526,Tonda,Webb
527,Irving,Pitts
528,Gayle,Wilkinson
529,Mandi,Gibbs
530,Yolando,Wade
531,Merlene,Vinson
532,Zelda,Pratt
533,Ashleigh,Finch
534,Farrah,Orr
535,Roseanne,Maynard
536,Cira,Downs
537,Agatha,Daniels
538,Delana,Scott
539,Jewel,Sparks
540,Lorrie,Justice
541,Zulema,Clemons
542,Melani,Jarvis
543,Alica,Hunter
544,Chere,Hardin
545,Bao,Wade
546,Loise,Walker
547,Aleta,Shepard
548,Bobbi,Banks
549,Bobbie,Foster
550,Alissa,Craft
551,Beatris,Joyner
552,Alexis,Mack
553,Liliana,Kerr
554,Katharina,Bates
555,Buford,Bridges
556,Elinore,Aguilar
557,Bethany,Herring
558,Lezlie,Lamb
559,Christel,Barber
560,Thanh,Figueroa
561,Marjorie,Logan
562,Davis,Long
563,Rodger,Rojas
564,Aisha,Woods
565,Nathaniel,Richard
566,Jennie,Middleton
567,Tayna,Wade
568,Lenita,Bonner
569,Terese,Briggs
570,Loreen,Byers
571,Charolette,Rice
572,Genoveva,Tyler
573,Johna,Powers
574,Leone,Emerson
575,Deloris,Burke
576,Houston,Vasquez
577,Earline,Ballard
578,Yahaira,Robertson
579,Omer,Estrada
580,Vonda,Berger
581,Pearlie,Cochran
582,Araceli,Golden
583,Edgar,Horn
584,Deandrea,Cox
585,Alden,Atkinson
586,America,Swanson
587,Grace,Madden
588,Marisol,Goodman
589,Nicki,Fry
590,Casimira,Chapman
591,Brenton,Whitaker
592,Jong,Guthrie
593,Cleotilde,Booth
594,Tisha,Petty
595,Sherie,Ayala
596,Aileen,Marquez
597,Shasta,Combs
598,Ronna,Butler
599,Debra,Burks
600,Sharika,Colon
601,Amparo,Burks
602,Tina,Bush
603,Vernon,Knowles
604,Floretta,Higgins
605,Leila,Barr
606,Georgetta,Hardin
607,Anderson,Martin
608,Ardelia,Cooley
609,Stefani,Gamble
610,Jovita,Bishop
611,Leeanne,Cross
612,Taylor,Cole
613,Charlene,Norris
614,Eun,Harris
615,Tricia,Daniels
616,Ivette,Estes
617,Le,Wood
618,Tanesha,Hampton
619,Terese,Palmer
620,Collen,Hayes
621,Anton,Barton
622,Nevada,Hood
623,Myron,Johns
624,Ghislaine,Compton
625,Carmela,Hays
626,Wes,Stanton
627,Tora,Dunlap
628,Kandace,Hughes
629,Margaretta,Clayton
630,Loyce,Conway
631,Lean,Stark
632,Margert,Stevens
633,Shantae,Hammond
634,Santos,Valencia
635,Andreas,Herman
636,Mia,Delgado
637,Hee,Greer
638,Verda,Gilbert
639,Felicidad,Golden
640,Alejandrina,Hodges
641,Adam,Henderson
642,Lizette,Ellison
643,Lonna,Franks
644,Sunshine,Rosario
645,Consuela,Collier
646,Annis,Sanchez
647,Jaimee,Day
648,Jenny,Bell
649,Ara,Vazquez
650,Hue,Dalton
651,Toya,Pratt
652,Milagros,Weber
653,Barbra,Dickerson
654,Gilberto,Sanders
655,Kanesha,Hudson
656,Venessa,Frost
657,Mable,Pratt
658,Tonisha,Fowler
659,Sheryl,Chase
660,Ashlee,Pena
661,Leigh,Burke
662,Caleb,England
663,Herta,Rollins
664,Reatha,Perez
665,Syreeta,Hendricks
666,Lavonda,Stephenson
667,Klara,Kim
668,Christia,Carson
669,Carolyne,Conley
670,Virgina,Berg
671,Elvia,Cardenas
672,Delmar,Wise
673,Bobbie,Foster
674,Doreatha,Ford
675,Boyce,Burks
676,Petronila,Gallegos
677,Elnora,Simpson
678,Ivonne,Yang
679,Zina,Bonner
680,Delila,Hamilton
681,Lidia,Ashley
682,Toshia,Cardenas
683,Laci,Castro
684,Quyen,Houston
685,Ayanna,Cherry
686,Alesia,Horne
687,Selene,Austin
688,Jesica,Fields
689,Willian,Hardin
690,Collen,Dennis
691,Carson,Macias
692,Kasha,Todd
693,Lise,Hebert
694,Damien,Dorsey
695,Sarah,Kirkland
696,Chauncey,Donaldson
697,Alejandro,Norman
698,Jasmin,Young
699,Ciera,Koch
700,Daryl,Spence
701,Stephanie,Browning
702,Dorothea,Miranda
703,Zoraida,Patton
704,Dottie,Roberts
705,Ileana,Holt
706,Roy,Chan
707,Ashanti,Parks
708,Shara,Pope
709,Carmelina,Sellers
710,Danny,Kim
711,Dale,Rasmussen
712,Marquerite,Dawson
713,Michel,Blankenship
714,Phillis,Fowler
715,Robby,Sykes
716,Elma,Molina
717,Tereasa,Bird
718,Zelma,Browning
719,Ashely,Holmes
720,Collin,Webster
721,Donnetta,Henson
722,Angelika,Perry
723,Kathyrn,Bush
724,Lore,Sykes
725,Dwain,Carlson
726,Jennell,Solis
727,Maple,Griffin
728,Hubert,Stone
729,Bettyann,Acosta
730,Moira,Lester
731,Elenore,William
732,Bernetta,Marquez
733,Pamala,Fowler
734,Maximina,Hutchinson
735,Aleta,Shepard
736,Klara,Stanley
737,Lanie,Dunn
738,Jeni,Booker
739,Caroll,Hays
740,Kendra,Harrington
741,Thalia,Dillard
742,Holly,Nieves
743,Shonta,Mercer
744,Lena,Mills
745,Charleen,Joyner
746,Vernita,Ball
747,Yan,Mcgowan
748,Maryalice,Henry
749,Flossie,Holder
750,Freddie,Mathis
751,Hilary,Savage
752,Scarlet,Reed
753,Nita,Guy
754,Ann,Heath
755,Kimberely,Bowen
756,Sommer,Hopkins
757,Joe,Melton
758,Kattie,Stevenson
759,Susann,Bass
760,Khalilah,Robertson
761,Shiloh,Bates
762,Wm,Pope
763,Giselle,Robles
764,Alysia,Nicholson
765,Tuyet,Rosa
766,Ramiro,Byers
767,Bettie,Pierce
768,Manie,Maxwell
769,Angella,Bridges
770,Dorthey,Jackson
771,Jennette,Baker
772,Janella,Bright
773,Kenton,Hughes
774,Yevette,Elliott
775,Jonna,Brown
776,Yu,Mcdonald
777,Shu,Mays
778,Lolita,Mosley
779,Blanca,Hooper
780,Joni,Lee
781,Carita,Salinas
782,Trudy,Riddle
783,Jama,Rodriquez
784,Kandi,Mcneil
785,Donette,Mccarthy
786,Magda,Eaton
787,Collene,Knox
788,Nestor,Haynes
789,Latricia,Lindsey
790,Nichelle,Rosario
791,Julius,Holt
792,Gertha,Mejia
793,Florencio,Davenport
794,Shonta,Preston
795,Chere,Alston
796,Jenise,Preston
797,Candelaria,Coffey
798,Ana,Palmer
799,Paul,Lester
800,Conchita,Boone
801,Chi,Goff
802,Yanira,Bradshaw
803,Armando,Black
804,Letitia,Franco
805,Vince,Schneider
806,Winfred,Harris
807,Lenore,Valdez
808,Justina,Jenkins
809,Geraldine,O'donnell
810,Laraine,Robbins
811,Larraine,Horn
812,Patrina,Tanner
813,Georgeann,Rojas
814,Evelina,Byrd
815,Nanette,Roman
816,Shanti,Johnston
817,Annett,Garrett
818,Claris,Santiago
819,Clementine,Mooney
820,Carola,Mcpherson
821,Agustina,Lawrence
822,Clementina,Sargent
823,Gwendolyn,Miller
824,Giovanna,Jefferson
825,Pamelia,Newman
826,Bennett,Armstrong
827,Brittni,Green
828,Dionne,Norris
829,Ira,Moore
830,Luciano,Marsh
831,Shiloh,Reeves
832,Karl,Stephens
833,Kerrie,O'neill
834,Rosanne,George
835,Marina,Hinton
836,Sherita,Cherry
837,Siobhan,Lang
838,Eliseo,Knight
839,Novella,Ross
840,Collene,Roman
841,Hipolito,Padilla
842,Dung,King
843,Season,Harvey
844,Macie,Ayers
845,Loraine,Sykes
846,Larae,Carney
847,Marilyn,Frank
848,Rudolf,Moran
849,Angelique,Merrill
850,Sanora,Webster
851,Gabriella,Jones
852,Lashawn,Ortiz
853,Gilberte,Duke
854,Carissa,Foreman
855,Kermit,Hyde
856,Arminda,Weber
857,Sandee,Alvarado
858,Kam,Wilder
859,Valentin,Mclaughlin
860,Lashawna,Richardson
861,Charlesetta,Soto
862,Jesus,Burch
863,Nathanael,Bradley
864,Elease,Dejesus
865,Marcell,Barrett
866,Lurlene,Finch
867,Louanne,Martin
868,Domingo,Casey
869,Felica,Munoz
870,Miranda,Kennedy
871,Kandace,Giles
872,Virgen,Clemons
873,Marcy,Rodriguez
874,Trena,Hudson
875,Nelle,Beck
876,Dane,Mcdaniel
877,Debbra,Jacobson
878,Moses,Pope
879,Ross,Pugh
880,Mercy,Brown
881,Coleman,Boyd
882,Edythe,Valencia
883,Sheree,Pena
884,Erlinda,Humphrey
885,Lorrie,Becker
886,Delma,Bailey
887,Chantell,Bridges
888,Garry,Juarez
889,Edmund,Gaines
890,Miriam,Baker
891,Aimee,Merritt
892,Laure,Pena
893,Sally,Kinney
894,Obdulia,Barber
895,Inga,Koch
896,Elanor,Patrick
897,Bridgette,Guerra
898,Josef,Greer
899,Renita,Henry
900,Samual,Warner
901,Mi,Gray
902,Loan,Graham
903,Deane,Sears
904,Lorraine,Marks
905,Eliana,Reese
906,Janine,Manning
907,Luz,House
908,Kerrie,Morton
909,Sharla,Flynn
910,Cassondra,Pruitt
911,Graig,Cannon
912,Rudolf,Gilliam
913,Zella,Fernandez
914,Doris,Kaufman
915,Judith,Finley
916,Luciana,Mcgee
917,Chloe,Patel
918,Rutha,Howell
919,Tajuana,Riddle
920,Novella,Patel
921,Ehtel,Cobb
922,Romana,Barnes
923,Agatha,Melton
924,Jayne,Kirkland
925,Conrad,Mueller
926,Mariana,Strong
927,Lee,Dunn
928,Stephen,Vega
929,Myron,Ruiz
930,Abram,Copeland
931,Tressa,Weiss
932,Douglas,Richards
933,Alita,Salinas
934,Corrina,Sawyer
935,Mozelle,Carter
936,Mellisa,Farley
937,Melanie,Hayes
938,Walton,Dejesus
939,Hugh,Craft
940,Chasidy,Webster
941,Genny,Hensley
942,Carter,Bentley
943,Daphine,Willis
944,Jone,Bernard
945,Loreta,Johnston
946,Andreas,Mayer
947,Myesha,Burgess
948,Skye,Pope
949,Rosalva,Hamilton
950,Nicholas,Vazquez
951,Tamela,Harrell
952,Arvilla,Weiss
953,Nicki,Larson
954,Ashleigh,Frank
955,Phebe,Turner
956,Annabelle,Hebert
957,Camila,Carroll
958,Shona,Mcmillan
959,Rita,Bailey
960,Genoveva,Lloyd
961,Lizzie,Joyner
962,Marissa,Summers
963,Zona,Cameron
964,Augustus,Steele
965,Jeni,Farley
966,Leif,Short
967,Ebony,Cotton
968,Mila,Moody
969,Cecelia,Gill
970,Corinna,Adams
971,Londa,Gould
972,Claudio,Wise
973,Cindi,Larson
974,Julienne,Moody
975,Lavinia,Cotton
976,Myrl,Gay
977,Alfredo,Dodson
978,Raphael,O'neil
979,Romeo,Steele
980,Bettie,Glover
981,Cecilia,Camacho
982,Dollie,Cervantes
983,Vito,Pickett
984,Victor,Pittman
985,Effie,Jenkins
986,Vernell,Goff
987,Jeanie,Kirkland
988,Honey,Camacho
989,Deandrea,Vega
990,Lolita,O'neill
991,Hermila,Mckay
992,Vicki,Wiggins
993,Harold,O'connor
994,Krystin,Marshall
995,Basil,Ballard
996,Beryl,Bennett
997,Catherine,Miles
998,Darcie,Morgan
999,Cyndi,Dyer
1000,Lewis,Garner
